{
  "loglik": 128.42172102955894,
  "nobs_": 500,
  "pair copulas": {
    "tree0": {
      "pc0": {
        "fam": "Frank",
        "ll": 36.5478401380673,
        "nobs": 500,
        "npars": 1.0,
        "par": {
          "data": [
            2.3939152645870214
          ],
          "shape": [
            1,
            1
          ]
        },
        "rot": 0,
        "vt": [
          "c",
          "c"
        ]
      },
      "pc1": {
        "fam": "Gaussian",
        "ll": 53.04823185995632,
        "nobs": 500,
        "npars": 1.0,
        "par": {
          "data": [
            0.44367911311751695
          ],
          "shape": [
            1,
            1
          ]
        },
        "rot": 0,
        "vt": [
          "c",
          "c"
        ]
      },
      "pc2": {
        "fam": "Clayton",
        "ll": 18.78441974456546,
        "nobs": 500,
        "npars": 1.0,
        "par": {
          "data": [
            0.3538243076804498
          ],
          "shape": [
            1,
            1
          ]
        },
        "rot": 270,
        "vt": [
          "c",
          "c"
        ]
      }
    },
    "tree1": {
      "pc0": {
        "fam": "Clayton",
        "ll": 15.68932813040415,
        "nobs": 500,
        "npars": 1.0,
        "par": {
          "data": [
            0.3140200686283687
          ],
          "shape": [
            1,
            1
          ]
        },
        "rot": 0,
        "vt": [
          "c",
          "c"
        ]
      },
      "pc1": {
        "fam": "Gumbel",
        "ll": 3.134294527454611,
        "nobs": 500,
        "npars": 1.0,
        "par": {
          "data": [
            1.0698649858447828
          ],
          "shape": [
            1,
            1
          ]
        },
        "rot": 270,
        "vt": [
          "c",
          "c"
        ]
      }
    },
    "tree2": {
      "pc0": {
        "fam": "Gumbel",
        "ll": 1.2176066291111116,
        "nobs": 500,
        "npars": 1.0,
        "par": {
          "data": [
            1.0345213712723356
          ],
          "shape": [
            1,
            1
          ]
        },
        "rot": 270,
        "vt": [
          "c",
          "c"
        ]
      }
    }
  },
  "structure": {
    "array": {
      "d": 4,
      "data": [
        [
          3,
          3,
          4
        ],
        [
          2,
          4
        ],
        [
          4
        ]
      ],
      "t": 3
    },
    "order": [
      3,
      1,
      2,
      4
    ]
  },
  "threshold": 0.0,
  "var_types": [
    "c",
    "c",
    "c",
    "c"
  ],
  "var_names": [
    "Tech_Stock",
    "Bank_Stock",
    "Oil_Index",
    "Gold_Price"
  ]
}